{
    "os": "Linux-4.4.0-59-generic-x86_64-with-debian-buster-sid",
    "python": "3.7.7",
    "heartbeatAt": "2021-04-22T14:54:11.136554",
    "startedAt": "2021-04-22T14:54:08.303762",
    "docker": null,
    "gpu": "Tesla V100-PCIE-32GB",
    "gpu_count": 1,
    "cpu_count": 16,
    "cuda": null,
    "args": [
        "--name",
        "XLM_ROBERTA_Final_Processing"
    ],
    "state": "running",
    "program": "train.py",
    "codePath": "train.py",
    "host": "4cfe39a439e3",
    "username": "root",
    "executable": "/opt/conda/bin/python"
}
